URL,Price,Model,Mileage
porsche-911-carrera-4-gts-cabriolet-preowned-3O7G7M,129900,997 II,20018 KMT
porsche-911-carrera-4s-coupe-preowned-O59Q89,69900,996 II,57525 KMT
porsche-911-turbo-preowned-DV0Z5L,349900,993 II,82709 KMT
porsche-911-carrera-4s-preowned-8XXPE6,104900,997 II,57429 KMT
porsche-911-carrera-4s-preowned-KW2MGP,79900,997 II,70188 KMT
porsche-911-carrera-preowned-4KNWZZ,73900,997 I,34700 KMT
porsche-911-carrera-coupe-preowned-Z22OK2,159930,993 II,27800 KMT
porsche-cayman-s-preowned-6DDK86,59595,987 I,49350 KMT
porsche-911-turbo-s-preowned-XE8KZE,159900,997 II,57917 KMT
porsche-911-carrera-4s-cabriolet-preowned-0Z0LLN,59900,997 I,119790 KMT
porsche-911-turbo-cabriolet-preowned-KWQ3KG,121900,997 II,77622 KMT
porsche-911-targa-4s-preowned-GRPD60,89900,997 I,26440 KMT
porsche-carrera-gt-preowned-6Q092W,1595930,Carrera GT,5125 KMT
porsche-911-carrera-s-preowned-O5XP87,88900,997 II,38000 KMT
porsche-911-black-edition-preowned-O5XNW7,74900,997 II,98131 KMT
porsche-911-gt3-rs-preowned-KWEVDP,239930,997 I,66120 KMT
porsche-cayman-r-preowned-XEKQ4P,92995,987 II,40800 KMT
porsche-911-turbo-s-cabriolet-preowned-0ZOE3N,128900,997 II,49735 KMT
porsche-boxster-preowned-KVV2ZP,38900,987 II,101000 KMT
porsche-911-carrera-s-preowned-DV35XP,84900,997 II,77182 KMT
porsche-911-carrera-cabriolet-preowned-VLN5NK,39900,996 II,99855 KMT
porsche-911-carrera-4s-preowned-WER7LM,105900,997 II,46985 KMT
porsche-911-carrera-4-cabriolet-preowned-KW864G,79900,997 II,64942 KMT
porsche-911-carrera-4s-coupe-preowned-RWE863,192888,993 II,89190 KMT
porsche-cayman-s-preowned-4KN3RZ,58995,987 II,15950 KMT
porsche-911-carrera-4-gts-cabriolet-preowned-MQQQKO,98795,997 II,60301 KMT
porsche-911-carrera-cabriolet-preowned-DQE74E,59995,997 I,116830 KMT
porsche-911-turbo-preowned-VLNMVK,133930,997 I,130800 KMT
porsche-911-carrera-coupe-preowned-KWQL3G,99995,G-Model II,122454 KMT
porsche-911-targa-4s-preowned-6DQ0EP,83995,997 II,78215 KMT
porsche-911-turbo-coupe-preowned-4KVDLE,259930,964,139950 KMT
